No.链接,Ticker,Perf Week,Perf Month,Perf Quart,Perf Half,Perf Year,Perf YTD,Volatility W,Volatility M,Recom,Avg Volume,Rel Volume,Price,Change,Volume
https://finviz.com/quote.ashx?t=AAL&ty=c&p=d&b=1,AAL,-3.77%,-1.74%,24.13%,34.41%,-45.07%,0.32%,3.20%,3.77%,3.6,76.48M,0.51,15.82,-0.06%,"38,916,074"
https://finviz.com/quote.ashx?t=ACB&ty=c&p=d&b=1,ACB,-10.95%,19.13%,119.59%,-1.21%,-57.13%,28.16%,7.84%,8.45%,-,42.86M,0.68,10.65,-4.66%,"28,936,914"
https://finviz.com/quote.ashx?t=ADAP&ty=c&p=d&b=1,ADAP,-8.20%,13.13%,23.62%,-39.85%,38.96%,3.90%,8.44%,8.47%,2.4,1.79M,0.32,5.6,3.32%,"576,675"
https://finviz.com/quote.ashx?t=ADVM&ty=c&p=d&b=1,ADVM,12.00%,4.86%,14.64%,-22.47%,15.03%,23.52%,7.51%,7.24%,2.1,1.02M,0.63,13.39,-0.22%,"647,436"
https://finviz.com/quote.ashx?t=AEO&ty=c&p=d&b=1,AEO,4.66%,25.22%,75.94%,139.92%,65.28%,20.98%,4.66%,3.87%,2.3,4.97M,2.47,24.28,1.46%,"12,252,530"
https://finviz.com/quote.ashx?t=AFIB&ty=c&p=d&b=1,AFIB,-4.91%,-8.53%,3.59%,-,-,-9.93%,7.87%,7.85%,2,169.63K,0.81,25.95,-0.19%,"138,163"
https://finviz.com/quote.ashx?t=AG&ty=c&p=d&b=1,AG,10.76%,6.63%,25.90%,5.03%,37.39%,4.17%,6.70%,4.91%,2.3,6.57M,2.76,14,3.40%,"18,160,025"
https://finviz.com/quote.ashx?t=AKBA&ty=c&p=d&b=1,AKBA,5.99%,10.16%,1.97%,-71.95%,-60.79%,20.00%,5.91%,5.31%,2.1,6.34M,1.03,3.36,6.67%,"6,512,365"
https://finviz.com/quote.ashx?t=AKTS&ty=c&p=d&b=1,AKTS,14.53%,37.85%,100.39%,89.99%,78.51%,25.67%,8.02%,7.31%,1.8,806.64K,0.85,15.37,1.65%,"686,441"
https://finviz.com/quote.ashx?t=ALLO&ty=c&p=d&b=1,ALLO,-1.00%,12.06%,-10.79%,-22.03%,24.43%,21.87%,5.84%,5.35%,1.9,911.97K,0.5,30.76,-1.85%,"458,511"
https://finviz.com/quote.ashx?t=AMC&ty=c&p=d&b=1,AMC,61.01%,30.97%,17.00%,-13.55%,-48.38%,65.57%,20.68%,10.94%,3.4,36.81M,7.22,3.51,17.79%,"265,714,725"
https://finviz.com/quote.ashx?t=AMCX&ty=c&p=d&b=1,AMCX,14.97%,55.82%,101.47%,98.31%,27.10%,38.05%,7.64%,5.46%,3.1,1.17M,1.63,49.38,14.60%,"1,914,923"
https://finviz.com/quote.ashx?t=AMRS&ty=c&p=d&b=1,AMRS,-0.57%,114.23%,279.20%,147.38%,257.04%,68.26%,10.93%,13.20%,1.5,4.76M,0.85,10.39,3.33%,"4,020,610"
https://finviz.com/quote.ashx?t=AMWL&ty=c&p=d&b=1,AMWL,2.72%,8.62%,-9.76%,-,-,16.38%,6.49%,5.89%,2.6,3.40M,0.7,29.48,1.10%,"2,388,755"
https://finviz.com/quote.ashx?t=ANGI&ty=c&p=d&b=1,ANGI,2.38%,1.05%,12.74%,-15.33%,38.67%,-5.42%,3.73%,4.09%,2,2.72M,0.46,12.48,-0.16%,"1,254,392"
https://finviz.com/quote.ashx?t=API&ty=c&p=d&b=1,API,18.68%,5.48%,10.56%,0.63%,-,17.24%,9.97%,7.48%,1.8,1.20M,1.32,46.38,1.07%,"1,591,103"
https://finviz.com/quote.ashx?t=APLS&ty=c&p=d&b=1,APLS,-14.78%,-14.93%,39.27%,55.90%,8.02%,-20.14%,5.58%,5.15%,1.8,702.64K,1.52,45.68,-4.89%,"1,068,369"
https://finviz.com/quote.ashx?t=APPN&ty=c&p=d&b=1,APPN,17.67%,29.41%,156.09%,313.84%,321.98%,26.38%,7.69%,7.76%,3,1.48M,1.18,204.85,11.08%,"1,747,610"
https://finviz.com/quote.ashx?t=AR&ty=c&p=d&b=1,AR,-8.38%,20.83%,76.92%,131.60%,238.58%,22.39%,7.86%,7.86%,2.8,9.84M,0.63,6.67,2.30%,"6,215,151"
https://finviz.com/quote.ashx?t=ARCH&ty=c&p=d&b=1,ARCH,0.61%,18.42%,37.35%,73.82%,-14.50%,16.79%,5.42%,5.53%,2.2,528.33K,0.43,51.12,1.25%,"227,792"
https://finviz.com/quote.ashx?t=ARVN&ty=c&p=d&b=1,ARVN,-4.13%,18.35%,316.49%,144.73%,65.34%,-0.99%,5.12%,6.35%,1.6,1.20M,0.39,84.09,-0.28%,"471,058"
https://finviz.com/quote.ashx?t=ASND&ty=c&p=d&b=1,ASND,-0.83%,-9.23%,2.97%,14.41%,17.27%,-3.67%,4.61%,4.13%,1.5,163.74K,1.21,160.66,3.75%,"198,220"
https://finviz.com/quote.ashx?t=ATRA&ty=c&p=d&b=1,ATRA,-2.18%,-18.04%,34.60%,32.00%,31.34%,-6.06%,5.97%,5.29%,2.2,951.35K,0.5,18.44,0.60%,"478,052"
https://finviz.com/quote.ashx?t=ATUS&ty=c&p=d&b=1,ATUS,4.85%,2.29%,28.54%,49.75%,25.20%,-4.62%,2.78%,2.45%,2,6.94M,0.6,36.12,0.08%,"4,134,507"
https://finviz.com/quote.ashx?t=AWH&ty=c&p=d&b=1,AWH,-7.99%,-9.65%,62.77%,37.70%,663.06%,-10.73%,7.93%,7.17%,1,595.76K,0.77,5.99,1.53%,"459,839"
https://finviz.com/quote.ashx?t=AXDX&ty=c&p=d&b=1,AXDX,0.00%,15.53%,-11.13%,-46.98%,-47.36%,15.83%,7.43%,6.07%,2.4,285.66K,2.63,8.78,3.17%,"751,299"
https://finviz.com/quote.ashx?t=AXNX&ty=c&p=d&b=1,AXNX,7.20%,18.55%,22.16%,41.73%,82.18%,13.28%,5.14%,4.88%,1.6,516.53K,1.42,56.55,4.12%,"734,677"
https://finviz.com/quote.ashx?t=BAND&ty=c&p=d&b=1,BAND,5.02%,-6.80%,-1.04%,22.95%,133.36%,10.13%,3.68%,4.90%,1.8,500.13K,0.77,169.23,0.83%,"387,459"
https://finviz.com/quote.ashx?t=BBBY&ty=c&p=d&b=1,BBBY,10.50%,56.85%,23.61%,197.20%,88.05%,70.10%,11.82%,8.54%,2.6,9.29M,4.18,30.21,12.43%,"38,825,492"
https://finviz.com/quote.ashx?t=BBIO&ty=c&p=d&b=1,BBIO,-0.36%,5.67%,77.65%,126.47%,102.04%,-2.29%,4.79%,5.16%,1.7,641.42K,0.92,69.48,4.58%,"587,804"
https://finviz.com/quote.ashx?t=BCEL&ty=c&p=d&b=1,BCEL,-1.63%,-4.19%,8.25%,3.14%,-6.97%,-6.56%,5.86%,5.87%,1.6,163.40K,1.67,15.09,1.28%,"273,356"
https://finviz.com/quote.ashx?t=BCRX&ty=c&p=d&b=1,BCRX,7.22%,10.96%,156.55%,101.53%,207.00%,23.62%,6.47%,6.45%,2.1,6.77M,1.34,9.21,0.71%,"9,060,108"
https://finviz.com/quote.ashx?t=BEST&ty=c&p=d&b=1,BEST,8.61%,-5.42%,-18.05%,-46.71%,-64.14%,11.27%,10.00%,8.36%,2.4,5.52M,0.86,2.27,-6.58%,"4,765,986"
https://finviz.com/quote.ashx?t=BGS&ty=c&p=d&b=1,BGS,7.24%,-0.66%,7.21%,12.76%,83.90%,8.37%,3.25%,3.76%,3,1.25M,0.67,30.05,1.59%,"832,798"
https://finviz.com/quote.ashx?t=BIG&ty=c&p=d&b=1,BIG,-2.61%,13.64%,-2.49%,21.78%,89.98%,18.38%,5.38%,5.08%,2.7,1.44M,0.73,50.82,4.27%,"1,059,789"
https://finviz.com/quote.ashx?t=BIGC&ty=c&p=d&b=1,BIGC,10.06%,1.16%,-25.62%,-,-,11.07%,7.24%,6.79%,3,2.26M,1.47,71.25,-0.10%,"3,311,578"
https://finviz.com/quote.ashx?t=BILI&ty=c&p=d&b=1,BILI,8.55%,52.67%,196.17%,226.22%,494.18%,56.03%,7.21%,7.05%,1.7,5.83M,1.16,133.75,7.97%,"6,785,874"
https://finviz.com/quote.ashx?t=BKE&ty=c&p=d&b=1,BKE,0.75%,13.27%,55.92%,131.18%,40.97%,15.75%,3.32%,3.68%,3,503.37K,0.6,33.8,1.02%,"302,579"
https://finviz.com/quote.ashx?t=BLMN&ty=c&p=d&b=1,BLMN,4.63%,18.70%,29.68%,105.86%,2.69%,14.06%,3.41%,3.75%,2.1,2.28M,0.63,22.15,-0.67%,"1,436,686"
https://finviz.com/quote.ashx?t=BLNK&ty=c&p=d&b=1,BLNK,-15.72%,17.89%,417.50%,525.53%,1991.98%,3.74%,10.38%,14.44%,2.5,13.07M,0.53,44.35,-3.80%,"6,972,405"
https://finviz.com/quote.ashx?t=BOOM&ty=c&p=d&b=1,BOOM,-2.45%,15.42%,52.61%,74.35%,19.06%,17.71%,5.38%,4.76%,1.8,112.43K,0.83,50.91,5.43%,"93,384"
https://finviz.com/quote.ashx?t=BPYU&ty=c&p=d&b=1,BPYU,0.52%,14.92%,17.51%,54.16%,-10.94%,15.46%,2.17%,2.39%,-,724.24K,0.98,17.25,1.17%,"706,472"
https://finviz.com/quote.ashx?t=BTAI&ty=c&p=d&b=1,BTAI,-12.53%,-11.47%,6.05%,-23.17%,179.83%,2.42%,5.47%,6.81%,1.5,473.54K,1,47.32,-1.56%,"473,447"
https://finviz.com/quote.ashx?t=BYND&ty=c&p=d&b=1,BYND,-1.24%,1.54%,-20.92%,10.66%,18.59%,12.56%,5.38%,5.08%,3,4.16M,1.05,140.7,4.52%,"4,346,189"
https://finviz.com/quote.ashx?t=BZUN&ty=c&p=d&b=1,BZUN,-1.61%,-0.94%,-7.30%,-8.59%,2.78%,1.31%,3.78%,3.99%,1.9,1.07M,0.68,34.8,-0.49%,"725,785"
https://finviz.com/quote.ashx?t=CACC&ty=c&p=d&b=1,CACC,-8.48%,-3.16%,-3.78%,-29.37%,-29.24%,-6.05%,5.33%,3.85%,3.3,173.15K,1.07,325.19,-5.98%,"185,883"
https://finviz.com/quote.ashx?t=CAKE&ty=c&p=d&b=1,CAKE,3.70%,13.44%,33.00%,76.54%,6.94%,14.30%,3.90%,4.10%,2.7,1.09M,0.77,42.36,-1.44%,"839,692"
https://finviz.com/quote.ashx?t=CAR&ty=c&p=d&b=1,CAR,5.31%,15.89%,9.79%,41.60%,18.78%,10.05%,7.02%,5.50%,2.3,1.80M,0.44,41.05,-1.79%,"792,826"
https://finviz.com/quote.ashx?t=CBAT&ty=c&p=d&b=1,CBAT,19.67%,47.61%,169.46%,833.72%,882.86%,58.70%,15.68%,14.34%,-,10.95M,2.23,8.03,11.99%,"24,439,524"
https://finviz.com/quote.ashx?t=CBB&ty=c&p=d&b=1,CBB,-0.20%,0.13%,0.99%,2.28%,35.64%,-0.13%,0.24%,0.44%,3,535.51K,0.54,15.26,0.07%,"287,543"
https://finviz.com/quote.ashx?t=CFX&ty=c&p=d&b=1,CFX,2.14%,11.66%,31.48%,28.77%,8.56%,6.17%,2.95%,3.28%,2.1,1.03M,0.87,40.6,1.27%,"898,022"
https://finviz.com/quote.ashx?t=CHEF&ty=c&p=d&b=1,CHEF,5.53%,18.76%,81.83%,127.32%,-22.38%,11.41%,5.10%,5.25%,2.1,757.34K,0.74,28.62,0.28%,"558,597"
https://finviz.com/quote.ashx?t=CHRS&ty=c&p=d&b=1,CHRS,1.89%,6.57%,10.69%,1.72%,-2.08%,5.47%,3.30%,3.76%,1.9,896.81K,0.61,18.33,1.89%,"545,790"
https://finviz.com/quote.ashx?t=CHWY&ty=c&p=d&b=1,CHWY,-8.33%,-2.24%,62.49%,121.13%,274.88%,16.90%,5.27%,6.14%,1.9,4.28M,0.58,105.08,-0.02%,"2,496,132"
https://finviz.com/quote.ashx?t=CLDX&ty=c&p=d&b=1,CLDX,-1.00%,2.30%,6.65%,51.10%,663.95%,1.60%,6.93%,6.61%,2,621.56K,0.64,17.8,-0.73%,"394,909"
https://finviz.com/quote.ashx?t=CLF&ty=c&p=d&b=1,CLF,-9.64%,18.41%,105.26%,185.22%,120.13%,12.64%,6.52%,6.14%,2.6,12.44M,0.83,16.4,0.49%,"10,339,055"
https://finviz.com/quote.ashx?t=CLR&ty=c&p=d&b=1,CLR,-3.79%,14.30%,45.30%,9.88%,-37.72%,16.69%,5.02%,5.75%,2.8,2.98M,0.87,19.02,0.58%,"2,594,898"
https://finviz.com/quote.ashx?t=CLVS&ty=c&p=d&b=1,CLVS,12.08%,27.36%,21.68%,1.98%,-27.47%,39.17%,11.25%,8.07%,3.3,5.10M,1.7,6.68,4.70%,"8,649,076"
https://finviz.com/quote.ashx?t=CNK&ty=c&p=d&b=1,CNK,3.06%,21.34%,127.18%,55.61%,-39.44%,12.35%,6.32%,5.75%,2.4,9.57M,0.53,19.56,5.33%,"5,099,846"
https://finviz.com/quote.ashx?t=CODX&ty=c&p=d&b=1,CODX,15.75%,2.71%,-6.74%,-47.24%,479.31%,26.45%,6.77%,6.87%,2,1.99M,0.36,11.76,-0.84%,"720,760"
https://finviz.com/quote.ashx?t=COWN&ty=c&p=d&b=1,COWN,-9.37%,2.53%,45.19%,54.61%,62.37%,4.58%,5.41%,4.38%,1.7,475.33K,1.53,27.18,-1.95%,"727,847"
https://finviz.com/quote.ashx?t=CPE&ty=c&p=d&b=1,CPE,-19.87%,0.98%,186.48%,5.12%,-60.03%,1.44%,7.10%,7.43%,3,4.05M,0.74,13.35,-1.62%,"3,005,026"
https://finviz.com/quote.ashx?t=CRDF&ty=c&p=d&b=1,CRDF,-44.30%,-50.77%,-9.32%,133.91%,512.36%,-39.41%,18.11%,10.92%,2,1.42M,2.45,10.9,-4.13%,"3,467,176"
https://finviz.com/quote.ashx?t=CRON&ty=c&p=d&b=1,CRON,-5.42%,42.57%,80.81%,66.93%,27.54%,53.46%,4.99%,6.48%,-,6.32M,0.45,10.65,-0.84%,"2,815,797"
https://finviz.com/quote.ashx?t=CRSR&ty=c&p=d&b=1,CRSR,-4.76%,-7.74%,55.76%,-,-,5.96%,7.33%,8.50%,1.8,2.99M,3.41,38.38,4.49%,"10,179,588"
https://finviz.com/quote.ashx?t=CRTX&ty=c&p=d&b=1,CRTX,0.60%,4.12%,-33.51%,-25.68%,-45.48%,15.55%,6.02%,5.85%,2.2,225.53K,0.54,32.1,1.07%,"122,802"
https://finviz.com/quote.ashx?t=CVM&ty=c&p=d&b=1,CVM,5.79%,5.32%,11.42%,9.45%,0.92%,22.21%,5.71%,6.21%,2,565.55K,0.93,14.25,0.42%,"527,663"
https://finviz.com/quote.ashx?t=CVNA&ty=c&p=d&b=1,CVNA,-7.87%,-1.84%,42.26%,84.84%,229.72%,14.16%,4.35%,5.52%,2.2,1.65M,0.6,273.47,0.34%,"981,281"
https://finviz.com/quote.ashx?t=CWH&ty=c&p=d&b=1,CWH,11.75%,29.50%,32.12%,4.29%,124.65%,38.00%,6.58%,6.01%,2.4,1.85M,0.81,35.95,2.86%,"1,494,905"
https://finviz.com/quote.ashx?t=CYRX&ty=c&p=d&b=1,CYRX,21.92%,61.51%,88.46%,133.30%,315.96%,87.12%,12.05%,8.29%,1.6,763.26K,3.4,82.11,11.34%,"2,598,414"
https://finviz.com/quote.ashx?t=DADA&ty=c&p=d&b=1,DADA,7.95%,18.82%,26.26%,75.65%,-,23.15%,7.77%,7.72%,1.7,2.46M,0.63,44.95,4.75%,"1,542,295"
https://finviz.com/quote.ashx?t=DDD&ty=c&p=d&b=1,DDD,7.72%,212.60%,358.51%,407.06%,193.45%,229.01%,12.15%,18.70%,3,11.53M,1.37,34.48,9.88%,"15,801,917"
https://finviz.com/quote.ashx?t=DDS&ty=c&p=d&b=1,DDS,18.10%,53.70%,73.37%,218.06%,14.21%,26.57%,8.43%,8.20%,3.6,365.60K,2.83,79.8,3.70%,"1,034,266"
https://finviz.com/quote.ashx?t=DKS&ty=c&p=d&b=1,DKS,1.55%,27.71%,13.17%,54.19%,45.06%,21.19%,2.90%,3.22%,2.5,2.47M,0.72,68.12,0.50%,"1,779,637"
https://finviz.com/quote.ashx?t=DMTK&ty=c&p=d&b=1,DMTK,8.19%,148.81%,263.73%,317.51%,229.39%,32.31%,8.06%,14.28%,1.7,645.46K,2.08,42.92,0.56%,"1,342,037"
https://finviz.com/quote.ashx?t=DVAX&ty=c&p=d&b=1,DVAX,1.56%,-0.19%,25.18%,-48.42%,-9.06%,17.30%,5.37%,6.63%,1.7,2.91M,1.04,5.22,3.57%,"3,012,539"
https://finviz.com/quote.ashx?t=EBIX&ty=c&p=d&b=1,EBIX,5.36%,27.71%,136.18%,101.28%,26.26%,20.17%,4.90%,4.53%,2,315.89K,0.75,45.63,1.33%,"237,269"
https://finviz.com/quote.ashx?t=EDIT&ty=c&p=d&b=1,EDIT,-13.38%,-21.40%,117.24%,116.82%,126.99%,-6.20%,8.72%,11.04%,2.7,2.38M,1.38,65.76,3.09%,"3,270,308"
https://finviz.com/quote.ashx?t=EGHT&ty=c&p=d&b=1,EGHT,2.04%,19.12%,124.55%,125.36%,87.41%,8.79%,4.94%,5.05%,2.1,2.04M,0.7,37.5,1.57%,"1,439,810"
https://finviz.com/quote.ashx?t=ELY&ty=c&p=d&b=1,ELY,7.02%,21.13%,47.63%,58.37%,32.98%,20.57%,4.00%,3.61%,1.9,2.59M,0.52,28.95,1.19%,"1,342,690"
https://finviz.com/quote.ashx?t=EOSE&ty=c&p=d&b=1,EOSE,-4.40%,55.39%,134.57%,126.64%,-,12.67%,11.08%,16.42%,2,1.51M,0.83,23.48,-5.89%,"1,254,546"
https://finviz.com/quote.ashx?t=ESPR&ty=c&p=d&b=1,ESPR,-3.07%,-9.40%,-19.57%,-41.19%,-49.98%,-0.27%,5.20%,6.52%,1.9,773.90K,1.2,25.93,1.89%,"928,544"
https://finviz.com/quote.ashx?t=EVBG&ty=c&p=d&b=1,EVBG,-1.38%,-5.76%,13.48%,4.97%,62.51%,-5.02%,4.08%,4.47%,1.7,435.91K,0.64,141.59,-1.94%,"278,703"
https://finviz.com/quote.ashx?t=EVER&ty=c&p=d&b=1,EVER,2.83%,6.22%,7.49%,-15.86%,3.41%,8.78%,4.49%,4.47%,1.7,378.65K,0.71,40.63,0.69%,"267,765"
https://finviz.com/quote.ashx?t=EVI&ty=c&p=d&b=1,EVI,-3.53%,15.58%,8.44%,40.39%,29.28%,8.62%,5.48%,6.31%,-,17.27K,0.98,32.5,2.98%,"16,949"
https://finviz.com/quote.ashx?t=FCEL&ty=c&p=d&b=1,FCEL,3.01%,93.28%,731.65%,586.74%,930.11%,62.31%,11.88%,14.13%,3.1,67.55M,0.58,18.13,4.86%,"39,338,066"
https://finviz.com/quote.ashx?t=FIT&ty=c&p=d&b=1,FIT,-0.99%,-3.05%,0.14%,1.30%,6.39%,2.79%,0.96%,1.06%,3.2,4.14M,0,6.99,0.00%,0
https://finviz.com/quote.ashx?t=FIZZ&ty=c&p=d&b=1,FIZZ,12.20%,14.81%,19.12%,55.94%,128.75%,15.95%,4.53%,4.02%,3.7,344.28K,1.09,98.44,3.89%,"375,557"
https://finviz.com/quote.ashx?t=FLGT&ty=c&p=d&b=1,FLGT,0.25%,39.26%,96.20%,237.26%,402.10%,32.90%,10.37%,10.52%,2.5,1.81M,0.61,69.24,4.54%,"1,110,712"
https://finviz.com/quote.ashx?t=FLWS&ty=c&p=d&b=1,FLWS,5.67%,22.14%,29.21%,25.18%,113.55%,21.81%,4.74%,4.76%,1.9,918.15K,1.1,31.67,-0.41%,"1,008,556"
https://finviz.com/quote.ashx?t=FLXN&ty=c&p=d&b=1,FLXN,-11.84%,0.44%,-2.12%,-9.63%,-35.87%,0.00%,6.73%,6.44%,1.8,504.02K,1.91,11.54,1.05%,"961,443"
https://finviz.com/quote.ashx?t=FOSL&ty=c&p=d&b=1,FOSL,-4.17%,5.90%,71.06%,148.61%,18.56%,13.84%,6.85%,6.52%,4,1.75M,0.67,9.87,3.68%,"1,175,437"
https://finviz.com/quote.ashx?t=FREQ&ty=c&p=d&b=1,FREQ,5.36%,22.33%,83.82%,70.02%,67.44%,9.84%,9.40%,8.84%,2,235.18K,0.91,38.73,8.18%,"214,094"
https://finviz.com/quote.ashx?t=FROG&ty=c&p=d&b=1,FROG,4.42%,-4.91%,-16.36%,-,-,3.04%,3.98%,4.47%,2.6,1.43M,0.79,64.74,1.89%,"1,124,975"
https://finviz.com/quote.ashx?t=FSLY&ty=c&p=d&b=1,FSLY,13.35%,2.05%,30.32%,29.02%,310.17%,18.21%,7.08%,5.58%,2.9,7.53M,0.88,103.28,-0.82%,"6,640,663"
https://finviz.com/quote.ashx?t=FUBO&ty=c&p=d&b=1,FUBO,5.90%,-23.77%,201.76%,277.20%,312.24%,34.71%,12.33%,14.60%,1.9,16.61M,2.01,37.72,6.25%,"33,368,820"
https://finviz.com/quote.ashx?t=FUTU&ty=c&p=d&b=1,FUTU,36.82%,135.20%,214.52%,265.63%,791.87%,118.34%,10.20%,9.71%,1.8,3.87M,1.9,99.89,0.99%,"7,347,523"
https://finviz.com/quote.ashx?t=FUV&ty=c&p=d&b=1,FUV,16.78%,48.40%,224.73%,255.10%,1188.89%,57.82%,17.53%,13.53%,2.2,3.20M,1.43,20.88,-9.45%,"4,585,446"
https://finviz.com/quote.ashx?t=GBT&ty=c&p=d&b=1,GBT,-4.26%,6.34%,-14.31%,-33.89%,-40.24%,10.02%,3.77%,4.44%,1.9,1.53M,0.51,47.65,-0.50%,"782,316"
https://finviz.com/quote.ashx?t=GDRX&ty=c&p=d&b=1,GDRX,0.50%,-4.73%,-12.94%,-,-,10.26%,5.55%,5.66%,2.4,2.84M,0.66,44.48,4.12%,"1,874,028"
https://finviz.com/quote.ashx?t=GEO&ty=c&p=d&b=1,GEO,-6.70%,-8.83%,-7.73%,-24.41%,-48.87%,-5.64%,4.09%,3.92%,2,3.62M,0.93,8.36,-3.35%,"3,381,633"
https://finviz.com/quote.ashx?t=GERN&ty=c&p=d&b=1,GERN,2.06%,4.22%,-5.46%,-8.47%,23.57%,8.81%,6.18%,5.10%,1.7,2.38M,0.87,1.73,3.59%,"2,081,345"
https://finviz.com/quote.ashx?t=GES&ty=c&p=d&b=1,GES,-4.61%,30.26%,87.37%,120.51%,6.47%,6.94%,4.32%,5.35%,2.2,1.08M,0.57,24.19,2.41%,"613,293"
https://finviz.com/quote.ashx?t=GEVO&ty=c&p=d&b=1,GEVO,54.56%,267.48%,855.45%,1690.46%,388.84%,147.29%,18.66%,17.30%,2,30.11M,2.17,10.51,13.01%,"65,367,108"
https://finviz.com/quote.ashx?t=GIII&ty=c&p=d&b=1,GIII,-3.68%,20.90%,94.24%,127.70%,-9.74%,13.56%,4.34%,5.25%,2.6,755.54K,0.51,26.96,0.22%,"383,641"
https://finviz.com/quote.ashx?t=GOEV&ty=c&p=d&b=1,GOEV,-2.52%,-12.78%,64.25%,42.50%,67.49%,23.19%,6.35%,10.43%,2,4.31M,0.64,17,-0.70%,"2,747,867"
https://finviz.com/quote.ashx?t=GOGO&ty=c&p=d&b=1,GOGO,1.40%,26.49%,26.49%,281.06%,132.83%,27.41%,7.38%,7.05%,2.5,2.63M,1.41,12.27,5.41%,"3,713,341"
https://finviz.com/quote.ashx?t=GOOS&ty=c&p=d&b=1,GOOS,-6.30%,-0.03%,-11.50%,37.93%,-7.14%,7.49%,4.48%,3.95%,1.7,1.48M,0.63,32,1.07%,"935,732"
https://finviz.com/quote.ashx?t=GPRE&ty=c&p=d&b=1,GPRE,5.64%,50.00%,18.29%,61.58%,55.88%,47.84%,6.88%,7.14%,2,584.42K,0.66,19.47,3.40%,"384,156"
https://finviz.com/quote.ashx?t=GRTS&ty=c&p=d&b=1,GRTS,355.25%,702.07%,851.23%,655.15%,169.48%,588.07%,69.33%,24.74%,1.8,2.56M,2.96,27.11,6.11%,"7,579,202"
https://finviz.com/quote.ashx?t=GRUB&ty=c&p=d&b=1,GRUB,5.02%,8.73%,-2.32%,13.51%,36.61%,6.21%,2.88%,2.71%,3,1.27M,0.75,78.88,1.34%,"961,481"
https://finviz.com/quote.ashx?t=GSX&ty=c&p=d&b=1,GSX,57.97%,66.67%,29.16%,11.70%,181.09%,77.92%,12.20%,9.04%,3.2,4.42M,3.57,92,17.83%,"15,789,817"
https://finviz.com/quote.ashx?t=GTHX&ty=c&p=d&b=1,GTHX,0.68%,5.37%,67.28%,13.90%,-11.97%,15.68%,5.89%,5.22%,1.7,1.30M,0.82,20.81,-2.76%,"1,073,550"
https://finviz.com/quote.ashx?t=HCAT&ty=c&p=d&b=1,HCAT,7.30%,22.16%,60.91%,41.44%,45.74%,17.92%,4.96%,3.94%,1.5,444.77K,1.72,51.33,6.63%,"763,396"
https://finviz.com/quote.ashx?t=HCSG&ty=c&p=d&b=1,HCSG,-3.73%,16.15%,27.13%,18.17%,18.40%,11.07%,4.65%,3.61%,2.6,593.33K,0.98,31.21,0.29%,"578,547"
https://finviz.com/quote.ashx?t=HEAR&ty=c&p=d&b=1,HEAR,13.19%,-1.64%,40.32%,38.17%,195.78%,17.08%,5.98%,6.14%,1.5,628.17K,0.78,25.23,1.04%,"487,994"
https://finviz.com/quote.ashx?t=HIBB&ty=c&p=d&b=1,HIBB,-0.91%,23.64%,13.82%,122.46%,110.06%,17.54%,6.54%,6.45%,2.7,551.84K,0.78,54.28,0.35%,"427,944"
https://finviz.com/quote.ashx?t=HOME&ty=c&p=d&b=1,HOME,6.45%,59.30%,20.20%,201.45%,313.43%,61.25%,6.47%,6.54%,2.4,2.75M,0.91,24.93,0.73%,"2,514,849"
https://finviz.com/quote.ashx?t=HRTX&ty=c&p=d&b=1,HRTX,-3.44%,-8.99%,14.33%,5.73%,-24.32%,-16.32%,3.61%,4.88%,1.6,1.01M,0.81,17.71,0.57%,"819,730"
https://finviz.com/quote.ashx?t=HUYA&ty=c&p=d&b=1,HUYA,7.28%,13.78%,10.48%,5.44%,26.47%,20.57%,4.81%,4.79%,2.1,3.35M,0.88,24.03,1.35%,"2,951,576"
https://finviz.com/quote.ashx?t=ICPT&ty=c&p=d&b=1,ICPT,0.75%,5.55%,-0.07%,-35.25%,-70.44%,19.27%,5.53%,6.83%,2.5,998.43K,0.89,29.46,4.91%,"891,706"
https://finviz.com/quote.ashx?t=IDEX&ty=c&p=d&b=1,IDEX,5.15%,70.10%,307.95%,166.92%,414.23%,74.37%,12.13%,14.58%,-,45.33M,0.99,3.47,9.12%,"44,960,324"
https://finviz.com/quote.ashx?t=IFF&ty=c&p=d&b=1,IFF,-3.44%,1.33%,4.85%,-9.87%,-14.88%,6.40%,2.66%,3.00%,2.2,2.43M,2.97,115.81,-0.16%,"7,201,371"
https://finviz.com/quote.ashx?t=IGMS&ty=c&p=d&b=1,IGMS,-0.19%,13.68%,56.08%,62.71%,135.49%,6.80%,7.64%,7.93%,1.6,320.10K,0.41,94.29,1.73%,"131,008"
https://finviz.com/quote.ashx?t=IMGN&ty=c&p=d&b=1,IMGN,-2.64%,8.53%,41.11%,67.35%,50.46%,14.42%,7.29%,5.40%,2.1,2.49M,1.01,7.38,-3.53%,"2,524,527"
https://finviz.com/quote.ashx?t=INFN&ty=c&p=d&b=1,INFN,-0.10%,-11.83%,49.23%,24.74%,21.25%,-7.16%,4.83%,5.17%,2.7,2.90M,0.47,9.73,0.83%,"1,370,579"
https://finviz.com/quote.ashx?t=INO&ty=c&p=d&b=1,INO,-3.95%,-12.88%,-14.29%,-63.38%,134.38%,1.69%,7.94%,6.78%,2.9,10.98M,1.22,9,-1.10%,"13,416,452"
https://finviz.com/quote.ashx?t=INSG&ty=c&p=d&b=1,INSG,32.90%,34.19%,95.85%,74.01%,118.64%,25.08%,10.99%,8.10%,1.9,3.80M,0.87,19.35,3.37%,"3,305,652"
https://finviz.com/quote.ashx?t=IQ&ty=c&p=d&b=1,IQ,3.88%,21.22%,-10.11%,-2.64%,-13.83%,17.96%,4.40%,3.96%,2.6,10.81M,0.8,20.62,-1.15%,"8,657,244"
https://finviz.com/quote.ashx?t=IRBT&ty=c&p=d&b=1,IRBT,12.28%,19.23%,18.52%,33.59%,79.04%,23.23%,6.08%,4.66%,2.9,690.10K,0.98,98.94,2.48%,"679,018"
https://finviz.com/quote.ashx?t=IRM&ty=c&p=d&b=1,IRM,-0.13%,3.43%,10.12%,9.60%,-5.52%,2.27%,2.49%,2.31%,2.6,3.44M,0.72,30.15,-0.40%,"2,484,407"
https://finviz.com/quote.ashx?t=IVC&ty=c&p=d&b=1,IVC,-4.24%,19.06%,33.65%,38.11%,16.69%,10.95%,6.17%,5.73%,2,219.74K,0.64,9.93,1.33%,"139,969"
https://finviz.com/quote.ashx?t=IVR&ty=c&p=d&b=1,IVR,5.95%,10.56%,30.40%,3.79%,-76.19%,5.33%,4.63%,3.96%,4,7.49M,0.89,3.56,0.00%,"6,634,273"
https://finviz.com/quote.ashx?t=JWN&ty=c&p=d&b=1,JWN,-1.71%,24.86%,200.16%,141.72%,-5.01%,19.74%,4.80%,5.38%,3.2,9.26M,0.28,37.37,3.12%,"2,574,963"
https://finviz.com/quote.ashx?t=KALA&ty=c&p=d&b=1,KALA,-1.07%,-0.27%,-2.24%,-27.55%,2.77%,9.59%,2.52%,4.48%,1.7,1.85M,0.82,7.43,-0.40%,"1,516,192"
https://finviz.com/quote.ashx?t=KDMN&ty=c&p=d&b=1,KDMN,1.90%,7.83%,40.94%,25.19%,7.59%,16.14%,5.31%,5.80%,1.7,2.55M,1.95,4.82,-0.52%,"4,958,982"
https://finviz.com/quote.ashx?t=KIDS&ty=c&p=d&b=1,KIDS,6.79%,-4.09%,-6.94%,5.15%,-8.43%,6.33%,6.39%,5.91%,1.9,200.67K,0.6,43.86,2.93%,"119,612"
https://finviz.com/quote.ashx?t=KNDI&ty=c&p=d&b=1,KNDI,-2.50%,3.81%,13.61%,91.12%,86.76%,18.55%,6.73%,8.21%,-,13.36M,0.27,8.18,-1.56%,"3,596,769"
https://finviz.com/quote.ashx?t=KODK&ty=c&p=d&b=1,KODK,13.57%,0.32%,8.74%,342.06%,155.68%,16.22%,9.37%,6.85%,-,8.48M,1.12,9.46,2.94%,"9,482,230"
https://finviz.com/quote.ashx?t=KPTI&ty=c&p=d&b=1,KPTI,-1.50%,-7.76%,-0.85%,-18.96%,-12.98%,-2.52%,3.35%,5.20%,1.7,2.14M,0.81,15.09,0.20%,"1,721,721"
https://finviz.com/quote.ashx?t=LGND&ty=c&p=d&b=1,LGND,16.63%,43.42%,77.06%,16.86%,58.57%,43.41%,5.34%,5.06%,2.2,348.00K,1.36,142.62,5.73%,"473,524"
https://finviz.com/quote.ashx?t=LMND&ty=c&p=d&b=1,LMND,-3.16%,40.73%,164.73%,86.82%,-,25.30%,7.74%,11.15%,3,3.45M,0.84,153.49,3.58%,"2,884,736"
https://finviz.com/quote.ashx?t=LOVE&ty=c&p=d&b=1,LOVE,10.89%,32.89%,74.59%,91.09%,311.12%,30.42%,7.49%,7.56%,1.4,364.04K,0.81,56.2,3.88%,"296,372"
https://finviz.com/quote.ashx?t=LPSN&ty=c&p=d&b=1,LPSN,0.12%,1.66%,11.52%,67.64%,53.95%,6.06%,3.93%,4.22%,2.1,869.66K,0.62,66,3.04%,"537,711"
https://finviz.com/quote.ashx?t=LTHM&ty=c&p=d&b=1,LTHM,-0.97%,20.00%,95.81%,205.11%,132.97%,14.01%,8.35%,7.07%,2.9,4.13M,0.68,21.48,-0.46%,"2,822,448"
https://finviz.com/quote.ashx?t=LXRX&ty=c&p=d&b=1,LXRX,5.71%,139.72%,512.23%,367.58%,147.02%,148.83%,13.40%,15.02%,2.3,11.22M,0.33,8.51,0.35%,"3,733,231"
https://finviz.com/quote.ashx?t=M&ty=c&p=d&b=1,M,-7.07%,23.14%,97.55%,93.10%,-24.55%,14.49%,5.94%,6.75%,3.5,28.70M,0.66,12.88,4.55%,"19,072,601"
https://finviz.com/quote.ashx?t=MAC&ty=c&p=d&b=1,MAC,0.35%,35.20%,98.74%,74.42%,-41.46%,33.55%,8.55%,6.36%,3.4,5.82M,1.2,14.25,6.98%,"6,955,062"
https://finviz.com/quote.ashx?t=MARA&ty=c&p=d&b=1,MARA,-25.12%,59.13%,544.37%,1804.27%,1844.74%,75.29%,14.11%,19.15%,-,35.89M,1.14,18.3,4.21%,"40,946,062"
https://finviz.com/quote.ashx?t=MAXN&ty=c&p=d&b=1,MAXN,18.25%,50.92%,170.81%,-,-,68.10%,11.56%,11.46%,3,703.57K,1.07,47.69,-0.65%,"753,346"
https://finviz.com/quote.ashx?t=MCS&ty=c&p=d&b=1,MCS,5.25%,35.48%,119.95%,11.00%,-45.87%,23.52%,5.03%,5.87%,1.7,861.27K,0.82,16.65,3.74%,"702,430"
https://finviz.com/quote.ashx?t=MDGL&ty=c&p=d&b=1,MDGL,2.59%,-1.17%,-7.98%,7.87%,43.18%,5.20%,5.53%,4.87%,2.1,144.55K,1.95,116.95,6.95%,"281,643"
https://finviz.com/quote.ashx?t=MGPI&ty=c&p=d&b=1,MGPI,2.04%,14.58%,28.96%,38.94%,42.21%,12.90%,3.71%,3.68%,2,84.27K,0.87,53.13,2.15%,"73,678"
https://finviz.com/quote.ashx?t=MGY&ty=c&p=d&b=1,MGY,1.67%,23.95%,82.57%,32.99%,-20.71%,29.04%,5.10%,4.89%,2.4,1.94M,0.56,9.11,2.13%,"1,082,075"
https://finviz.com/quote.ashx?t=MIDD&ty=c&p=d&b=1,MIDD,0.17%,4.21%,32.77%,58.26%,21.48%,6.07%,3.02%,3.31%,2.4,781.41K,1.09,136.75,-0.37%,"849,200"
https://finviz.com/quote.ashx?t=MIK&ty=c&p=d&b=1,MIK,-12.14%,30.86%,62.61%,119.29%,140.97%,17.99%,4.83%,5.79%,2.9,5.26M,0.89,15.35,-0.13%,"4,659,217"
https://finviz.com/quote.ashx?t=MP&ty=c&p=d&b=1,MP,-1.51%,-8.51%,138.54%,126.32%,-,1.59%,8.15%,8.84%,2,3.53M,0.85,32.68,-3.48%,"3,010,205"
https://finviz.com/quote.ashx?t=MRNS&ty=c&p=d&b=1,MRNS,6.13%,5.22%,-2.24%,87.64%,50.11%,10.74%,5.40%,5.11%,1.5,550.20K,0.5,13.51,2.35%,"272,672"
https://finviz.com/quote.ashx?t=MSGN&ty=c&p=d&b=1,MSGN,12.50%,11.42%,60.23%,46.06%,-4.15%,1.97%,3.94%,4.42%,3.4,526.29K,1.08,15.03,3.23%,"569,392"
https://finviz.com/quote.ashx?t=MSTR&ty=c&p=d&b=1,MSTR,-8.55%,81.68%,218.71%,381.82%,295.93%,48.51%,8.61%,8.54%,5,691.76K,1.63,577.03,10.87%,"1,130,277"
https://finviz.com/quote.ashx?t=MTDR&ty=c&p=d&b=1,MTDR,-9.25%,25.82%,78.90%,61.92%,-6.89%,24.46%,8.23%,6.75%,2.2,3.29M,0.74,15.01,1.08%,"2,427,325"
https://finviz.com/quote.ashx?t=MUX&ty=c&p=d&b=1,MUX,-3.28%,-6.15%,-13.04%,-25.95%,-18.28%,-3.77%,4.98%,4.36%,2,3.27M,1.01,0.95,0.65%,"3,295,987"
https://finviz.com/quote.ashx?t=MWK&ty=c&p=d&b=1,MWK,20.52%,83.50%,194.34%,266.48%,380.96%,51.19%,14.46%,12.03%,1.5,497.34K,1.95,26.02,6.25%,"967,858"
https://finviz.com/quote.ashx?t=NCLH&ty=c&p=d&b=1,NCLH,-6.93%,-0.77%,44.73%,70.65%,-57.76%,-3.30%,4.07%,4.77%,2.5,24.03M,0.47,24.59,-1.60%,"11,260,770"
https://finviz.com/quote.ashx?t=NK&ty=c&p=d&b=1,NK,-3.04%,7.68%,126.68%,26.28%,154.80%,29.41%,7.13%,12.60%,2,2.17M,0.37,17.25,1.44%,"800,599"
https://finviz.com/quote.ashx?t=NKLA&ty=c&p=d&b=1,NKLA,-5.58%,18.21%,-9.53%,-40.72%,94.40%,31.85%,7.03%,8.17%,3,19.85M,0.37,20.12,0.90%,"7,401,046"
https://finviz.com/quote.ashx?t=NLS&ty=c&p=d&b=1,NLS,-1.21%,8.62%,-18.41%,98.87%,489.97%,16.76%,5.97%,7.17%,1.8,2.40M,0.49,21.18,-0.38%,"1,184,392"
https://finviz.com/quote.ashx?t=NNDM&ty=c&p=d&b=1,NNDM,38.77%,71.11%,280.69%,536.73%,432.96%,58.13%,11.17%,11.27%,2,27.55M,1.89,14.39,14.21%,"52,033,979"
https://finviz.com/quote.ashx?t=NOG&ty=c&p=d&b=1,NOG,-11.01%,12.38%,118.35%,34.08%,-39.83%,18.15%,6.15%,7.28%,1.8,1.30M,0.9,10.35,-4.61%,"1,172,972"
https://finviz.com/quote.ashx?t=NTLA&ty=c&p=d&b=1,NTLA,-10.73%,18.54%,216.56%,278.42%,427.00%,36.69%,9.27%,11.12%,2.2,1.49M,1.32,74.36,2.44%,"1,961,357"
https://finviz.com/quote.ashx?t=NVTA&ty=c&p=d&b=1,NVTA,3.31%,10.42%,25.36%,78.04%,198.43%,32.05%,6.74%,7.55%,2.4,3.77M,1.69,55.21,3.91%,"6,369,914"
https://finviz.com/quote.ashx?t=ODT&ty=c&p=d&b=1,ODT,-0.10%,37.27%,23.37%,-46.45%,-30.40%,5.31%,5.30%,7.94%,2.2,456.25K,0.47,20.22,4.01%,"215,189"
https://finviz.com/quote.ashx?t=OLLI&ty=c&p=d&b=1,OLLI,-2.08%,14.81%,3.08%,-8.07%,67.18%,15.56%,3.91%,4.26%,2.6,1.17M,0.62,94.49,1.38%,"728,785"
https://finviz.com/quote.ashx?t=OMER&ty=c&p=d&b=1,OMER,9.34%,32.91%,76.41%,38.91%,43.58%,37.70%,7.23%,4.92%,2.2,865.49K,0.96,19.67,5.64%,"832,306"
https://finviz.com/quote.ashx?t=OPK&ty=c&p=d&b=1,OPK,-2.43%,-3.08%,5.63%,-21.25%,172.22%,11.65%,4.13%,5.69%,1.8,8.08M,0.58,4.41,0.68%,"4,704,041"
https://finviz.com/quote.ashx?t=OSTK&ty=c&p=d&b=1,OSTK,5.99%,9.44%,-0.06%,28.18%,720.17%,41.57%,8.18%,8.70%,2,3.68M,1.18,67.91,6.49%,"4,347,361"
https://finviz.com/quote.ashx?t=OSW&ty=c&p=d&b=1,OSW,6.85%,6.85%,36.05%,69.11%,-41.24%,-7.69%,6.02%,6.56%,1.7,543.78K,0.7,9.36,1.08%,"381,294"
https://finviz.com/quote.ashx?t=OTRK&ty=c&p=d&b=1,OTRK,15.29%,0.24%,28.21%,106.88%,310.10%,16.28%,10.27%,9.01%,1.7,442.37K,0.97,71.85,-5.82%,"428,412"
https://finviz.com/quote.ashx?t=PAR&ty=c&p=d&b=1,PAR,0.74%,9.46%,91.37%,128.75%,117.46%,12.28%,5.01%,4.66%,1.2,266.17K,0.61,70.5,-1.87%,"161,307"
https://finviz.com/quote.ashx?t=PBF&ty=c&p=d&b=1,PBF,-0.36%,25.64%,54.19%,-5.05%,-71.32%,16.62%,7.71%,8.08%,3.5,6.01M,0.59,8.28,-0.12%,"3,519,028"
https://finviz.com/quote.ashx?t=PBYI&ty=c&p=d&b=1,PBYI,1.27%,-4.79%,19.02%,11.85%,26.30%,8.58%,5.37%,5.58%,3.3,535.84K,0.84,11.14,5.09%,"448,567"
https://finviz.com/quote.ashx?t=PCRX&ty=c&p=d&b=1,PCRX,-12.05%,16.24%,25.27%,25.97%,54.44%,13.40%,5.42%,4.77%,2.1,482.36K,1.32,67.86,-2.43%,"638,981"
https://finviz.com/quote.ashx?t=PEN&ty=c&p=d&b=1,PEN,4.72%,31.27%,11.23%,17.79%,42.45%,39.45%,4.16%,4.61%,1.9,798.26K,0.32,244.04,-0.68%,"252,636"
https://finviz.com/quote.ashx?t=PETQ&ty=c&p=d&b=1,PETQ,-8.54%,2.82%,11.40%,-4.50%,12.60%,-10.04%,4.66%,4.41%,1.3,324.13K,0.65,34.59,-0.63%,"209,137"
https://finviz.com/quote.ashx?t=PETS&ty=c&p=d&b=1,PETS,-12.52%,-8.02%,3.00%,-1.97%,24.28%,-3.71%,5.99%,4.26%,2.5,583.52K,1.04,30.87,2.02%,"608,312"
https://finviz.com/quote.ashx?t=PGEN&ty=c&p=d&b=1,PGEN,6.97%,-7.53%,113.19%,106.97%,56.10%,-9.71%,11.26%,9.57%,2.3,1.29M,4.58,9.21,0.77%,"5,890,639"
https://finviz.com/quote.ashx?t=PLAY&ty=c&p=d&b=1,PLAY,1.80%,21.43%,77.55%,161.14%,-26.39%,13.26%,5.32%,6.22%,2.6,2.68M,0.44,34,0.92%,"1,178,684"
https://finviz.com/quote.ashx?t=PLCE&ty=c&p=d&b=1,PLCE,9.54%,34.38%,150.53%,109.46%,1.18%,28.56%,4.79%,5.72%,2.6,727.38K,1,64.41,0.03%,"724,609"
https://finviz.com/quote.ashx?t=PLSE&ty=c&p=d&b=1,PLSE,18.79%,32.42%,118.74%,167.00%,106.65%,23.76%,10.17%,7.64%,2,104.99K,1,29.53,2.61%,"105,483"
https://finviz.com/quote.ashx?t=PLUG&ty=c&p=d&b=1,PLUG,0.50%,106.58%,350.00%,683.94%,1601.53%,97.20%,10.41%,9.68%,1.9,43.15M,0.93,66.87,4.99%,"40,234,519"
https://finviz.com/quote.ashx?t=PRLB&ty=c&p=d&b=1,PRLB,10.24%,17.27%,42.79%,49.63%,77.52%,25.78%,6.50%,7.21%,2.8,362.71K,1.12,192.95,1.49%,"405,983"
https://finviz.com/quote.ashx?t=PRTS&ty=c&p=d&b=1,PRTS,-10.64%,2.83%,-6.16%,3.78%,355.35%,-0.40%,6.55%,7.15%,2,2.67M,0.66,12.34,-4.34%,"1,750,494"
https://finviz.com/quote.ashx?t=PUBM&ty=c&p=d&b=1,PUBM,25.81%,54.00%,-,-,-,34.94%,12.34%,10.09%,1.8,1.07M,0.41,37.73,-0.05%,"432,579"
https://finviz.com/quote.ashx?t=QLYS&ty=c&p=d&b=1,QLYS,6.50%,8.75%,28.23%,13.18%,45.13%,3.62%,4.20%,4.39%,2.8,463.68K,0.67,126.28,3.91%,"309,721"
https://finviz.com/quote.ashx?t=RAD&ty=c&p=d&b=1,RAD,7.27%,2.49%,107.34%,27.04%,57.23%,24.95%,4.29%,5.43%,3.4,4.37M,0.62,19.78,1.49%,"2,693,832"
https://finviz.com/quote.ashx?t=RCKT&ty=c&p=d&b=1,RCKT,-5.77%,-3.69%,100.00%,121.95%,153.87%,0.29%,6.21%,6.54%,1.8,707.28K,0.44,55,4.92%,"313,769"
https://finviz.com/quote.ashx?t=RDHL&ty=c&p=d&b=1,RDHL,3.66%,-15.21%,-18.64%,16.46%,28.84%,-5.45%,4.71%,6.82%,1.6,325.66K,0.68,7.64,-1.55%,"219,870"
https://finviz.com/quote.ashx?t=RESN&ty=c&p=d&b=1,RESN,22.91%,172.73%,175.00%,182.05%,138.27%,149.06%,11.63%,13.94%,1.8,1.71M,1.02,6.6,-0.15%,"1,749,007"
https://finviz.com/quote.ashx?t=REV&ty=c&p=d&b=1,REV,-5.91%,-18.49%,89.22%,42.18%,-54.70%,-14.31%,5.55%,6.51%,-,1.05M,0.25,10.18,0.10%,"260,557"
https://finviz.com/quote.ashx?t=RGS&ty=c&p=d&b=1,RGS,5.61%,-0.32%,38.80%,12.97%,-47.29%,0.44%,6.37%,5.35%,2,635.19K,1.12,9.23,-0.54%,"709,307"
https://finviz.com/quote.ashx?t=RH&ty=c&p=d&b=1,RH,-2.63%,9.29%,38.30%,77.44%,122.28%,12.18%,3.34%,3.78%,2.3,561.78K,0.5,502.02,0.16%,"280,371"
https://finviz.com/quote.ashx?t=RIG&ty=c&p=d&b=1,RIG,-21.49%,18.10%,236.07%,32.37%,-47.71%,18.61%,12.04%,9.86%,3.6,38.68M,0.85,2.74,2.24%,"32,915,331"
https://finviz.com/quote.ashx?t=RIOT&ty=c&p=d&b=1,RIOT,-27.44%,89.95%,426.88%,815.72%,1564.29%,23.43%,12.65%,16.24%,-,25.84M,1.17,20.97,8.37%,"30,321,279"
https://finviz.com/quote.ashx?t=RKT&ty=c&p=d&b=1,RKT,-0.55%,-7.18%,0.20%,-,-,-0.84%,2.39%,2.89%,2.4,10.38M,0.49,20.05,0.40%,"5,036,416"
https://finviz.com/quote.ashx?t=RLAY&ty=c&p=d&b=1,RLAY,40.58%,27.55%,60.74%,69.97%,-,48.05%,15.63%,10.49%,2,484.36K,1.07,61.53,8.54%,"516,178"
https://finviz.com/quote.ashx?t=ROOT&ty=c&p=d&b=1,ROOT,-6.71%,19.38%,-,-,-,24.70%,9.58%,11.31%,2.7,2.57M,0.85,19.59,10.18%,"2,198,728"
https://finviz.com/quote.ashx?t=RPRX&ty=c&p=d&b=1,RPRX,-0.18%,11.24%,31.18%,19.28%,-,2.22%,3.16%,4.36%,2.4,2.65M,0.7,51.16,1.47%,"1,869,929"
https://finviz.com/quote.ashx?t=RRC&ty=c&p=d&b=1,RRC,-12.65%,25.18%,0.46%,32.62%,154.39%,29.85%,9.20%,7.65%,2.8,6.42M,0.76,8.7,0.93%,"4,884,910"
https://finviz.com/quote.ashx?t=RVLV&ty=c&p=d&b=1,RVLV,1.34%,16.21%,82.88%,124.63%,101.73%,16.17%,4.92%,5.56%,2.1,1.50M,0.47,36.21,3.16%,"709,554"
https://finviz.com/quote.ashx?t=RVP&ty=c&p=d&b=1,RVP,8.77%,5.19%,65.76%,29.88%,688.89%,18.99%,7.73%,8.39%,-,1.25M,0.7,12.78,1.59%,"874,038"
https://finviz.com/quote.ashx?t=RXT&ty=c&p=d&b=1,RXT,0.53%,-4.84%,13.47%,-,-,0.10%,4.23%,4.15%,1.9,1.15M,0.59,19.08,-0.21%,"678,880"
https://finviz.com/quote.ashx?t=SABR&ty=c&p=d&b=1,SABR,-3.76%,3.35%,80.75%,55.30%,-47.12%,0.00%,4.71%,5.36%,2.7,9.47M,0.57,12.02,-1.39%,"5,387,642"
https://finviz.com/quote.ashx?t=SAH&ty=c&p=d&b=1,SAH,1.10%,18.43%,13.72%,11.37%,50.97%,21.65%,4.33%,4.73%,2.1,260.00K,1.09,46.92,-2.47%,"282,542"
https://finviz.com/quote.ashx?t=SAVA&ty=c&p=d&b=1,SAVA,22.81%,64.37%,44.44%,289.41%,66.49%,88.71%,14.69%,11.69%,2,3.29M,0.91,12.87,6.54%,"2,986,509"
https://finviz.com/quote.ashx?t=SAVE&ty=c&p=d&b=1,SAVE,1.69%,9.07%,68.62%,64.31%,-35.41%,13.17%,4.18%,4.46%,2.8,7.77M,0.39,27.67,0.73%,"3,053,076"
https://finviz.com/quote.ashx?t=SBE&ty=c&p=d&b=1,SBE,-10.36%,1.59%,144.57%,292.67%,307.61%,-1.15%,5.19%,9.02%,-,5.35M,0.37,39.62,-1.69%,"1,962,710"
https://finviz.com/quote.ashx?t=SBH&ty=c&p=d&b=1,SBH,2.57%,17.46%,52.90%,2.19%,-12.89%,7.29%,4.17%,3.95%,3.1,1.63M,1.19,13.99,-3.38%,"1,943,064"
https://finviz.com/quote.ashx?t=SCVL&ty=c&p=d&b=1,SCVL,-3.59%,11.87%,27.97%,41.71%,8.05%,6.84%,4.05%,5.34%,2,133.53K,0.66,41.86,0.55%,"88,232"
https://finviz.com/quote.ashx?t=SDC&ty=c&p=d&b=1,SDC,-7.76%,-20.03%,-1.51%,30.73%,-19.21%,-7.37%,5.44%,5.75%,2.1,6.12M,0.72,11.06,2.36%,"4,392,734"
https://finviz.com/quote.ashx?t=SDGR&ty=c&p=d&b=1,SDGR,3.07%,15.71%,71.38%,16.74%,-,20.86%,5.10%,5.18%,1.7,994.55K,0.51,95.7,1.15%,"508,737"
https://finviz.com/quote.ashx?t=SE&ty=c&p=d&b=1,SE,2.97%,20.11%,40.45%,117.06%,428.47%,18.81%,3.32%,4.10%,2.1,3.59M,0.57,236.49,1.08%,"2,039,131"
https://finviz.com/quote.ashx?t=SENS&ty=c&p=d&b=1,SENS,92.50%,437.21%,524.32%,419.69%,163.22%,164.97%,45.11%,24.57%,1.9,22.07M,6.5,2.31,-4.55%,"143,488,047"
https://finviz.com/quote.ashx?t=SFIX&ty=c&p=d&b=1,SFIX,28.22%,36.80%,169.15%,310.68%,318.30%,65.05%,10.87%,8.19%,2.5,3.27M,2.16,96.92,18.07%,"7,083,259"
https://finviz.com/quote.ashx?t=SHAK&ty=c&p=d&b=1,SHAK,-3.00%,22.88%,60.52%,111.14%,56.92%,31.17%,5.07%,4.66%,2.8,821.83K,0.8,111.21,1.96%,"656,187"
https://finviz.com/quote.ashx?t=SIG&ty=c&p=d&b=1,SIG,-12.27%,32.23%,51.23%,195.44%,35.99%,33.15%,6.27%,7.47%,3,1.35M,0.71,36.31,2.60%,"949,026"
https://finviz.com/quote.ashx?t=SIRI&ty=c&p=d&b=1,SIRI,2.40%,-5.39%,1.88%,1.36%,-16.62%,-6.28%,2.63%,2.64%,2.1,23.99M,0.8,5.97,-0.33%,"19,279,621"
https://finviz.com/quote.ashx?t=SKT&ty=c&p=d&b=1,SKT,4.30%,27.39%,108.27%,97.49%,-18.55%,34.04%,8.06%,5.68%,3.5,2.68M,2.59,13.35,10.60%,"6,946,019"
https://finviz.com/quote.ashx?t=SNOW&ty=c&p=d&b=1,SNOW,-5.95%,-18.34%,5.57%,-,-,1.52%,3.70%,5.80%,2.6,4.56M,0.45,285.68,-0.22%,"2,046,841"
https://finviz.com/quote.ashx?t=SPCE&ty=c&p=d&b=1,SPCE,3.78%,38.23%,67.71%,36.30%,79.29%,44.46%,7.29%,6.60%,2,14.95M,0.86,34.28,3.04%,"12,822,781"
https://finviz.com/quote.ashx?t=SPKE&ty=c&p=d&b=1,SPKE,-1.18%,17.64%,22.55%,44.36%,14.66%,13.58%,2.76%,3.51%,3,164.84K,0.5,10.87,-1.45%,"82,585"
https://finviz.com/quote.ashx?t=SPWR&ty=c&p=d&b=1,SPWR,34.58%,71.61%,192.87%,612.50%,695.87%,84.13%,13.11%,11.29%,2.9,8.50M,1.9,47.21,7.83%,"16,160,414"
https://finviz.com/quote.ashx?t=SRG&ty=c&p=d&b=1,SRG,-1.91%,5.77%,20.20%,56.29%,-61.23%,4.97%,5.78%,5.83%,-,705.52K,0.63,15.41,1.99%,"444,324"
https://finviz.com/quote.ashx?t=SRNE&ty=c&p=d&b=1,SRNE,20.65%,26.68%,22.80%,23.59%,130.07%,41.25%,11.80%,8.91%,2,15.02M,0.93,9.64,-3.41%,"13,928,444"
https://finviz.com/quote.ashx?t=SSYS&ty=c&p=d&b=1,SSYS,16.42%,80.29%,156.56%,143.61%,76.62%,84.12%,8.63%,9.27%,3.2,1.63M,1.18,38.15,5.85%,"1,919,663"
https://finviz.com/quote.ashx?t=STOK&ty=c&p=d&b=1,STOK,3.06%,10.41%,77.30%,130.00%,166.51%,8.70%,6.29%,6.79%,1.8,161.69K,0.6,67.32,-0.31%,"97,253"
https://finviz.com/quote.ashx?t=SWI&ty=c&p=d&b=1,SWI,4.66%,-1.18%,-26.66%,-13.98%,-15.31%,6.56%,4.08%,4.42%,2.6,1.97M,0.82,15.93,-0.06%,"1,620,837"
https://finviz.com/quote.ashx?t=TCS&ty=c&p=d&b=1,TCS,-2.89%,24.18%,38.88%,191.10%,172.59%,30.29%,8.01%,9.05%,3.3,1.24M,0.38,12.43,0.65%,"470,135"
https://finviz.com/quote.ashx?t=TDC&ty=c&p=d&b=1,TDC,-0.83%,10.23%,21.83%,22.61%,-5.71%,11.75%,2.84%,2.86%,3.1,1.05M,1.39,25.11,-3.31%,"1,454,225"
https://finviz.com/quote.ashx?t=TELL&ty=c&p=d&b=1,TELL,94.12%,150.00%,285.92%,211.32%,-56.58%,157.81%,30.47%,13.77%,3,9.97M,4.13,3.3,22.22%,"41,125,033"
https://finviz.com/quote.ashx?t=THBR&ty=c&p=d&b=1,THBR,-3.64%,14.93%,24.39%,21.53%,27.00%,-3.93%,4.13%,6.01%,-,1.78M,0.9,12.7,-1.24%,"1,611,189"
https://finviz.com/quote.ashx?t=THCB&ty=c&p=d&b=1,THCB,-5.89%,1.14%,47.35%,48.52%,51.36%,-12.11%,5.67%,9.84%,-,3.31M,0.59,15.03,0.80%,"1,942,436"
https://finviz.com/quote.ashx?t=TIMB&ty=c&p=d&b=1,TIMB,-10.20%,-11.64%,8.90%,-11.27%,-37.43%,-12.72%,2.66%,2.45%,-,352.84K,0.58,12.15,-2.25%,"203,508"
https://finviz.com/quote.ashx?t=TLRY&ty=c&p=d&b=1,TLRY,-2.91%,114.78%,179.60%,145.17%,-14.88%,118.16%,12.38%,11.34%,3.1,26.72M,0.78,18.02,0.56%,"20,867,502"
https://finviz.com/quote.ashx?t=TR&ty=c&p=d&b=1,TR,0.47%,-0.46%,-0.72%,-6.92%,-9.36%,1.48%,1.93%,2.10%,-,189.92K,1.35,30.14,1.65%,"256,158"
https://finviz.com/quote.ashx?t=TRHC&ty=c&p=d&b=1,TRHC,-7.23%,42.02%,32.07%,-9.71%,-10.02%,20.07%,4.90%,6.34%,2.2,351.60K,1.09,51.44,0.72%,"381,968"
https://finviz.com/quote.ashx?t=TRIP&ty=c&p=d&b=1,TRIP,-4.46%,27.41%,68.05%,63.26%,8.61%,15.32%,3.81%,5.11%,2.9,2.76M,0.37,33.19,-1.31%,"1,014,260"
https://finviz.com/quote.ashx?t=TRVN&ty=c&p=d&b=1,TRVN,1.38%,-4.33%,-14.67%,14.51%,144.41%,3.27%,4.52%,5.32%,1.7,3.63M,0.74,2.21,2.31%,"2,685,574"
https://finviz.com/quote.ashx?t=TTCF&ty=c&p=d&b=1,TTCF,-8.47%,-3.76%,19.94%,84.23%,139.65%,7.21%,5.49%,6.33%,2.5,2.61M,0.64,24.54,1.91%,"1,672,251"
https://finviz.com/quote.ashx?t=TVTY&ty=c&p=d&b=1,TVTY,3.78%,14.79%,57.87%,75.05%,-10.70%,12.10%,4.43%,3.65%,2,426.29K,0.67,21.96,0.18%,"285,928"
https://finviz.com/quote.ashx?t=TWNK&ty=c&p=d&b=1,TWNK,0.07%,1.96%,8.99%,11.45%,0.79%,-3.89%,2.47%,2.28%,2.2,1.23M,1.08,14.07,0.57%,"1,329,355"
https://finviz.com/quote.ashx?t=TWOU&ty=c&p=d&b=1,TWOU,-0.25%,9.79%,30.28%,0.09%,104.85%,9.90%,4.92%,5.79%,2.1,1.24M,0.59,43.97,-1.43%,"734,205"
https://finviz.com/quote.ashx?t=TXMD&ty=c&p=d&b=1,TXMD,4.17%,21.95%,-4.46%,-24.24%,-41.41%,23.97%,7.40%,6.12%,1.9,5.10M,1.18,1.5,4.17%,"6,020,211"
https://finviz.com/quote.ashx?t=UI&ty=c&p=d&b=1,UI,8.97%,-3.36%,33.76%,42.29%,55.03%,-4.87%,3.30%,3.41%,3.4,98.14K,1.01,264.95,1.06%,"99,597"
https://finviz.com/quote.ashx?t=UNFI&ty=c&p=d&b=1,UNFI,12.75%,57.66%,35.32%,26.56%,237.65%,56.67%,6.96%,6.40%,2.6,1.49M,0.74,25.02,4.16%,"1,100,926"
https://finviz.com/quote.ashx?t=VBIV&ty=c&p=d&b=1,VBIV,-4.35%,-11.49%,21.74%,-43.49%,138.76%,12.00%,11.15%,8.62%,-,6.75M,1.07,3.08,0.00%,"7,224,961"
https://finviz.com/quote.ashx?t=VIAC&ty=c&p=d&b=1,VIAC,-0.91%,30.79%,60.10%,81.38%,23.22%,22.33%,3.79%,3.70%,2.8,12.22M,1.18,45.58,1.04%,"14,449,806"
https://finviz.com/quote.ashx?t=VITL&ty=c&p=d&b=1,VITL,3.33%,-7.45%,-20.59%,-,-,4.07%,5.80%,5.46%,2.3,460.46K,0.98,26.34,6.55%,"449,672"
https://finviz.com/quote.ashx?t=VLDR&ty=c&p=d&b=1,VLDR,-3.82%,-6.20%,73.93%,42.90%,126.96%,1.45%,6.61%,9.16%,1.5,6.31M,0.5,23.15,0.04%,"3,164,844"
https://finviz.com/quote.ashx?t=VRCA&ty=c&p=d&b=1,VRCA,7.21%,18.57%,51.20%,79.04%,-25.03%,9.82%,7.71%,9.18%,1.8,69.50K,1.91,12.64,8.03%,"132,548"
https://finviz.com/quote.ashx?t=VSAT&ty=c&p=d&b=1,VSAT,7.83%,33.30%,17.23%,7.10%,-41.29%,24.81%,5.60%,4.67%,2.2,779.30K,0.91,40.75,4.25%,"705,469"
https://finviz.com/quote.ashx?t=VUZI&ty=c&p=d&b=1,VUZI,30.35%,39.30%,188.34%,203.19%,518.50%,36.23%,18.79%,14.78%,2.2,2.96M,3.78,12.37,13.49%,"11,189,418"
https://finviz.com/quote.ashx?t=VXRT&ty=c&p=d&b=1,VXRT,-2.72%,-6.67%,37.31%,-48.45%,1247.17%,25.04%,6.59%,8.36%,2,9.24M,0.5,7.14,2.59%,"4,650,419"
https://finviz.com/quote.ashx?t=W&ty=c&p=d&b=1,W,-9.07%,5.99%,10.98%,37.59%,180.53%,32.83%,6.29%,7.01%,2.5,2.31M,0.97,299.94,2.19%,"2,246,820"
https://finviz.com/quote.ashx?t=WB&ty=c&p=d&b=1,WB,5.86%,-6.10%,9.34%,28.89%,-3.02%,4.81%,2.86%,4.25%,2.3,1.27M,0.86,42.96,0.05%,"1,094,703"
https://finviz.com/quote.ashx?t=WBAI&ty=c&p=d&b=1,WBAI,-2.69%,248.83%,338.03%,252.51%,72.16%,48.44%,11.62%,19.29%,-,1.28M,0.49,13.36,3.97%,"629,377"
https://finviz.com/quote.ashx?t=WKHS&ty=c&p=d&b=1,WKHS,-4.47%,13.79%,21.56%,50.71%,646.35%,18.86%,6.22%,8.29%,2.1,14.72M,0.57,23.51,2.89%,"8,439,865"
https://finviz.com/quote.ashx?t=WRLD&ty=c&p=d&b=1,WRLD,-22.79%,13.41%,0.73%,69.96%,22.52%,9.75%,11.79%,6.90%,4,63.20K,2.72,112.19,-6.12%,"171,923"
https://finviz.com/quote.ashx?t=WTI&ty=c&p=d&b=1,WTI,-6.77%,0.43%,42.68%,-5.65%,-49.79%,7.83%,5.52%,5.77%,2.7,4.30M,0.65,2.34,2.63%,"2,771,904"
https://finviz.com/quote.ashx?t=WTRH&ty=c&p=d&b=1,WTRH,4.00%,1.20%,16.55%,-31.58%,770.24%,21.58%,7.48%,7.50%,2.2,4.02M,0.71,3.38,1.81%,"2,860,786"
https://finviz.com/quote.ashx?t=WVE&ty=c&p=d&b=1,WVE,11.15%,20.56%,21.44%,3.96%,27.49%,26.68%,6.60%,7.10%,2.4,717.49K,0.4,9.97,2.05%,"285,652"
https://finviz.com/quote.ashx?t=X&ty=c&p=d&b=1,X,-14.59%,8.80%,112.00%,138.46%,95.15%,12.76%,6.25%,7.10%,3,14.81M,1.05,18.91,-1.66%,"15,491,510"
https://finviz.com/quote.ashx?t=XL&ty=c&p=d&b=1,XL,-3.00%,7.47%,106.08%,104.28%,112.12%,-11.50%,7.16%,15.04%,3,7.74M,1.59,21,9.43%,"12,279,279"
https://finviz.com/quote.ashx?t=Z&ty=c&p=d&b=1,Z,1.48%,6.91%,47.82%,122.63%,202.34%,12.34%,4.16%,4.40%,2.1,2.99M,0.3,145.82,-0.07%,"901,658"
https://finviz.com/quote.ashx?t=ZGNX&ty=c&p=d&b=1,ZGNX,1.74%,-4.50%,-5.85%,-26.95%,-64.47%,-3.45%,4.69%,4.71%,1.8,896.74K,1.42,19.3,5.23%,"1,276,479"
https://finviz.com/quote.ashx?t=ZI&ty=c&p=d&b=1,ZI,1.87%,4.68%,-0.06%,13.24%,-,-4.06%,4.11%,5.01%,2,2.28M,0.42,46.27,0.04%,"946,786"
https://finviz.com/quote.ashx?t=ZIOP&ty=c&p=d&b=1,ZIOP,3.42%,29.64%,60.62%,15.24%,-19.15%,44.05%,8.03%,7.79%,2.2,2.07M,1.02,3.63,0.83%,"2,105,471"
https://finviz.com/quote.ashx?t=ZYXI&ty=c&p=d&b=1,ZYXI,6.05%,25.82%,27.38%,-13.21%,68.33%,30.31%,9.01%,7.02%,1.8,542.53K,1.02,17.54,7.48%,"551,982"
